Child,ASB,Race,Y92,Y94,YOI
1,1,1,0,0,90
1,1,1,1,0,92
1,1,1,0,1,94
2,0,1,0,0,90
2,0,1,1,0,92
2,0,1,0,1,94
3,5,1,0,0,90
3,5,1,1,0,92
3,5,1,0,1,94
4,2,1,0,0,90
4,3,1,1,0,92
4,1,1,0,1,94
5,1,1,0,0,90
5,0,1,1,0,92
5,0,1,0,1,94
6,1,1,0,0,90
6,1,1,1,0,92
6,1,1,0,1,94
7,3,1,0,0,90
7,3,1,1,0,92
7,4,1,0,1,94
8,4,1,0,0,90
8,1,1,1,0,92
8,1,1,0,1,94
9,1,1,0,0,90
9,1,1,1,0,92
9,0,1,0,1,94
10,4,1,0,0,90
10,5,1,1,0,92
10,6,1,0,1,94
11,3,1,0,0,90
11,3,1,1,0,92
11,3,1,0,1,94
12,3,0,0,0,90
12,2,0,1,0,92
12,3,0,0,1,94
13,3,1,0,0,90
13,2,1,1,0,92
13,4,1,0,1,94
14,1,1,0,0,90
14,3,1,1,0,92
14,1,1,0,1,94
15,3,0,0,0,90
15,4,0,1,0,92
15,5,0,0,1,94
16,2,0,0,0,90
16,1,0,1,0,92
16,2,0,0,1,94
17,1,0,0,0,90
17,2,0,1,0,92
17,1,0,0,1,94
18,0,1,0,0,90
18,2,1,1,0,92
18,0,1,0,1,94
19,3,0,0,0,90
19,0,0,1,0,92
19,3,0,0,1,94
20,5,1,0,0,90
20,6,1,1,0,92
20,4,1,0,1,94
21,4,1,0,0,90
21,4,1,1,0,92
21,3,1,0,1,94
22,1,1,0,0,90
22,2,1,1,0,92
22,3,1,0,1,94
23,0,1,0,0,90
23,1,1,1,0,92
23,0,1,0,1,94
24,2,1,0,0,90
24,3,1,1,0,92
24,4,1,0,1,94
25,0,1,0,0,90
25,0,1,1,0,92
25,0,1,0,1,94
26,5,1,0,0,90
26,3,1,1,0,92
26,5,1,0,1,94
27,2,1,0,0,90
27,1,1,1,0,92
27,2,1,0,1,94
28,2,1,0,0,90
28,2,1,1,0,92
28,3,1,0,1,94
29,1,0,0,0,90
29,3,0,1,0,92
29,2,0,0,1,94
30,0,1,0,0,90
30,0,1,1,0,92
30,0,1,0,1,94
31,1,1,0,0,90
31,1,1,1,0,92
31,0,1,0,1,94
32,4,1,0,0,90
32,4,1,1,0,92
32,6,1,0,1,94
33,2,1,0,0,90
33,2,1,1,0,92
33,1,1,0,1,94
34,3,1,0,0,90
34,4,1,1,0,92
34,3,1,0,1,94
35,3,1,0,0,90
35,3,1,1,0,92
35,5,1,0,1,94
36,0,0,0,0,90
36,0,0,1,0,92
36,0,0,0,1,94
37,0,0,0,0,90
37,0,0,1,0,92
37,0,0,0,1,94
38,4,1,0,0,90
38,4,1,1,0,92
38,5,1,0,1,94
39,2,1,0,0,90
39,0,1,1,0,92
39,0,1,0,1,94
40,0,1,0,0,90
40,0,1,1,0,92
40,0,1,0,1,94
41,1,1,0,0,90
41,2,1,1,0,92
41,4,1,0,1,94
42,1,1,0,0,90
42,0,1,1,0,92
42,0,1,0,1,94
43,2,1,0,0,90
43,0,1,1,0,92
43,1,1,0,1,94
44,0,1,0,0,90
44,0,1,1,0,92
44,0,1,0,1,94
45,0,1,0,0,90
45,1,1,1,0,92
45,1,1,0,1,94
46,1,1,0,0,90
46,0,1,1,0,92
46,0,1,0,1,94
47,1,0,0,0,90
47,4,0,1,0,92
47,5,0,0,1,94
48,3,1,0,0,90
48,4,1,1,0,92
48,4,1,0,1,94
49,3,1,0,0,90
49,1,1,1,0,92
49,3,1,0,1,94
50,1,0,0,0,90
50,1,0,1,0,92
50,0,0,0,1,94
51,0,0,0,0,90
51,0,0,1,0,92
51,0,0,0,1,94
52,1,0,0,0,90
52,0,0,1,0,92
52,1,0,0,1,94
53,2,1,0,0,90
53,2,1,1,0,92
53,0,1,0,1,94
54,0,0,0,0,90
54,0,0,1,0,92
54,1,0,0,1,94
55,5,0,0,0,90
55,3,0,1,0,92
55,5,0,0,1,94
56,0,0,0,0,90
56,1,0,1,0,92
56,0,0,0,1,94
57,2,0,0,0,90
57,1,0,1,0,92
57,2,0,0,1,94
58,5,0,0,0,90
58,3,0,1,0,92
58,1,0,0,1,94
59,3,1,0,0,90
59,3,1,1,0,92
59,4,1,0,1,94
60,0,1,0,0,90
60,1,1,1,0,92
60,1,1,0,1,94
61,2,1,0,0,90
61,3,1,1,0,92
61,0,1,0,1,94
62,3,1,0,0,90
62,2,1,1,0,92
62,1,1,0,1,94
63,0,1,0,0,90
63,3,1,1,0,92
63,3,1,0,1,94
64,1,0,0,0,90
64,1,0,1,0,92
64,0,0,0,1,94
65,2,0,0,0,90
65,2,0,1,0,92
65,1,0,0,1,94
66,1,1,0,0,90
66,1,1,1,0,92
66,0,1,0,1,94
67,1,1,0,0,90
67,1,1,1,0,92
67,1,1,0,1,94
68,0,1,0,0,90
68,0,1,1,0,92
68,0,1,0,1,94
69,4,1,0,0,90
69,0,1,1,0,92
69,3,1,0,1,94
70,2,0,0,0,90
70,2,0,1,0,92
70,2,0,0,1,94
71,0,1,0,0,90
71,0,1,1,0,92
71,0,1,0,1,94
72,0,0,0,0,90
72,2,0,1,0,92
72,2,0,0,1,94
73,2,1,0,0,90
73,0,1,1,0,92
73,5,1,0,1,94
74,0,0,0,0,90
74,0,0,1,0,92
74,0,0,0,1,94
75,0,0,0,0,90
75,3,0,1,0,92
75,3,0,0,1,94
76,0,1,0,0,90
76,1,1,1,0,92
76,0,1,0,1,94
77,1,1,0,0,90
77,2,1,1,0,92
77,3,1,0,1,94
78,0,1,0,0,90
78,0,1,1,0,92
78,1,1,0,1,94
79,2,0,0,0,90
79,4,0,1,0,92
79,1,0,0,1,94
80,3,1,0,0,90
80,3,1,1,0,92
80,0,1,0,1,94
81,0,0,0,0,90
81,0,0,1,0,92
81,0,0,0,1,94
82,0,1,0,0,90
82,1,1,1,0,92
82,0,1,0,1,94
83,4,1,0,0,90
83,3,1,1,0,92
83,4,1,0,1,94
84,3,1,0,0,90
84,3,1,1,0,92
84,1,1,0,1,94
85,3,1,0,0,90
85,2,1,1,0,92
85,0,1,0,1,94
86,0,1,0,0,90
86,0,1,1,0,92
86,1,1,0,1,94
87,0,1,0,0,90
87,1,1,1,0,92
87,0,1,0,1,94
88,4,1,0,0,90
88,2,1,1,0,92
88,3,1,0,1,94
89,2,1,0,0,90
89,2,1,1,0,92
89,4,1,0,1,94
90,1,0,0,0,90
90,1,0,1,0,92
90,3,0,0,1,94
91,4,1,0,0,90
91,5,1,1,0,92
91,4,1,0,1,94
92,0,0,0,0,90
92,0,0,1,0,92
92,0,0,0,1,94
93,2,0,0,0,90
93,1,0,1,0,92
93,2,0,0,1,94
94,2,1,0,0,90
94,1,1,1,0,92
94,3,1,0,1,94
95,2,1,0,0,90
95,3,1,1,0,92
95,2,1,0,1,94
96,2,1,0,0,90
96,0,1,1,0,92
96,0,1,0,1,94
97,0,1,0,0,90
97,0,1,1,0,92
97,0,1,0,1,94
98,0,1,0,0,90
98,0,1,1,0,92
98,0,1,0,1,94
99,0,0,0,0,90
99,0,0,1,0,92
99,0,0,0,1,94
100,3,0,0,0,90
100,3,0,1,0,92
100,1,0,0,1,94
101,2,1,0,0,90
101,0,1,1,0,92
101,1,1,0,1,94
102,0,1,0,0,90
102,0,1,1,0,92
102,1,1,0,1,94
103,2,1,0,0,90
103,2,1,1,0,92
103,1,1,0,1,94
104,1,1,0,0,90
104,0,1,1,0,92
104,1,1,0,1,94
105,1,1,0,0,90
105,2,1,1,0,92
105,5,1,0,1,94
106,0,1,0,0,90
106,0,1,1,0,92
106,0,1,0,1,94
107,0,1,0,0,90
107,1,1,1,0,92
107,2,1,0,1,94
108,0,1,0,0,90
108,1,1,1,0,92
108,1,1,0,1,94
109,0,1,0,0,90
109,0,1,1,0,92
109,0,1,0,1,94
110,0,1,0,0,90
110,0,1,1,0,92
110,0,1,0,1,94
111,3,1,0,0,90
111,2,1,1,0,92
111,6,1,0,1,94
112,0,1,0,0,90
112,0,1,1,0,92
112,1,1,0,1,94
113,2,1,0,0,90
113,0,1,1,0,92
113,1,1,0,1,94
114,0,1,0,0,90
114,0,1,1,0,92
114,0,1,0,1,94
115,0,1,0,0,90
115,1,1,1,0,92
115,0,1,0,1,94
116,3,1,0,0,90
116,4,1,1,0,92
116,1,1,0,1,94
117,1,1,0,0,90
117,2,1,1,0,92
117,2,1,0,1,94
118,1,1,0,0,90
118,0,1,1,0,92
118,3,1,0,1,94
119,0,1,0,0,90
119,0,1,1,0,92
119,0,1,0,1,94
120,1,1,0,0,90
120,3,1,1,0,92
120,3,1,0,1,94
121,1,1,0,0,90
121,3,1,1,0,92
121,3,1,0,1,94
122,1,1,0,0,90
122,0,1,1,0,92
122,0,1,0,1,94
123,0,0,0,0,90
123,3,0,1,0,92
123,1,0,0,1,94
124,4,0,0,0,90
124,4,0,1,0,92
124,4,0,0,1,94
125,2,0,0,0,90
125,5,0,1,0,92
125,3,0,0,1,94
126,1,0,0,0,90
126,1,0,1,0,92
126,2,0,0,1,94
127,3,0,0,0,90
127,4,0,1,0,92
127,3,0,0,1,94
128,4,1,0,0,90
128,3,1,1,0,92
128,4,1,0,1,94
129,1,1,0,0,90
129,0,1,1,0,92
129,2,1,0,1,94
130,6,0,0,0,90
130,4,0,1,0,92
130,4,0,0,1,94
131,1,1,0,0,90
131,0,1,1,0,92
131,1,1,0,1,94
132,1,1,0,0,90
132,0,1,1,0,92
132,0,1,0,1,94
133,1,1,0,0,90
133,0,1,1,0,92
133,0,1,0,1,94
134,2,1,0,0,90
134,0,1,1,0,92
134,0,1,0,1,94
135,0,1,0,0,90
135,0,1,1,0,92
135,0,1,0,1,94
136,0,1,0,0,90
136,0,1,1,0,92
136,0,1,0,1,94
137,2,1,0,0,90
137,1,1,1,0,92
137,0,1,0,1,94
138,5,1,0,0,90
138,4,1,1,0,92
138,1,1,0,1,94
139,1,1,0,0,90
139,0,1,1,0,92
139,0,1,0,1,94
140,0,1,0,0,90
140,2,1,1,0,92
140,2,1,0,1,94
141,2,1,0,0,90
141,0,1,1,0,92
141,0,1,0,1,94
142,1,0,0,0,90
142,0,0,1,0,92
142,0,0,0,1,94
143,0,0,0,0,90
143,0,0,1,0,92
143,0,0,0,1,94
144,4,0,0,0,90
144,4,0,1,0,92
144,5,0,0,1,94
145,0,0,0,0,90
145,1,0,1,0,92
145,2,0,0,1,94
146,5,0,0,0,90
146,5,0,1,0,92
146,6,0,0,1,94
147,3,0,0,0,90
147,5,0,1,0,92
147,5,0,0,1,94
148,1,0,0,0,90
148,1,0,1,0,92
148,3,0,0,1,94
149,2,1,0,0,90
149,1,1,1,0,92
149,3,1,0,1,94
150,0,1,0,0,90
150,0,1,1,0,92
150,2,1,0,1,94
151,1,1,0,0,90
151,2,1,1,0,92
151,4,1,0,1,94
152,0,1,0,0,90
152,0,1,1,0,92
152,0,1,0,1,94
153,1,1,0,0,90
153,1,1,1,0,92
153,0,1,0,1,94
154,4,0,0,0,90
154,3,0,1,0,92
154,3,0,0,1,94
155,1,1,0,0,90
155,0,1,1,0,92
155,0,1,0,1,94
156,1,0,0,0,90
156,2,0,1,0,92
156,2,0,0,1,94
157,0,0,0,0,90
157,0,0,1,0,92
157,5,0,0,1,94
158,0,1,0,0,90
158,0,1,1,0,92
158,0,1,0,1,94
159,4,1,0,0,90
159,4,1,1,0,92
159,3,1,0,1,94
160,0,1,0,0,90
160,0,1,1,0,92
160,0,1,0,1,94
161,2,0,0,0,90
161,0,0,1,0,92
161,5,0,0,1,94
162,0,1,0,0,90
162,0,1,1,0,92
162,0,1,0,1,94
163,0,0,0,0,90
163,0,0,1,0,92
163,0,0,0,1,94
164,1,0,0,0,90
164,0,0,1,0,92
164,0,0,0,1,94
165,1,1,0,0,90
165,3,1,1,0,92
165,4,1,0,1,94
166,1,1,0,0,90
166,0,1,1,0,92
166,3,1,0,1,94
167,3,0,0,0,90
167,4,0,1,0,92
167,6,0,0,1,94
168,0,0,0,0,90
168,1,0,1,0,92
168,0,0,0,1,94
169,2,1,0,0,90
169,3,1,1,0,92
169,4,1,0,1,94
170,1,1,0,0,90
170,1,1,1,0,92
170,4,1,0,1,94
171,4,1,0,0,90
171,2,1,1,0,92
171,5,1,0,1,94
172,0,0,0,0,90
172,1,0,1,0,92
172,0,0,0,1,94
173,0,0,0,0,90
173,0,0,1,0,92
173,0,0,0,1,94
174,2,0,0,0,90
174,4,0,1,0,92
174,3,0,0,1,94
175,0,1,0,0,90
175,1,1,1,0,92
175,1,1,0,1,94
176,1,1,0,0,90
176,0,1,1,0,92
176,0,1,0,1,94
177,3,1,0,0,90
177,4,1,1,0,92
177,4,1,0,1,94
178,1,0,0,0,90
178,3,0,1,0,92
178,2,0,0,1,94
179,1,1,0,0,90
179,0,1,1,0,92
179,0,1,0,1,94
180,0,1,0,0,90
180,1,1,1,0,92
180,0,1,0,1,94
181,2,1,0,0,90
181,4,1,1,0,92
181,3,1,0,1,94
182,4,1,0,0,90
182,3,1,1,0,92
182,3,1,0,1,94
183,4,1,0,0,90
183,2,1,1,0,92
183,5,1,0,1,94
184,1,1,0,0,90
184,1,1,1,0,92
184,2,1,0,1,94
185,0,1,0,0,90
185,0,1,1,0,92
185,1,1,0,1,94
186,3,1,0,0,90
186,1,1,1,0,92
186,3,1,0,1,94
187,0,1,0,0,90
187,0,1,1,0,92
187,2,1,0,1,94
188,3,0,0,0,90
188,2,0,1,0,92
188,3,0,0,1,94
189,0,0,0,0,90
189,0,0,1,0,92
189,1,0,0,1,94
190,0,0,0,0,90
190,0,0,1,0,92
190,2,0,0,1,94
191,2,1,0,0,90
191,3,1,1,0,92
191,1,1,0,1,94
192,0,1,0,0,90
192,0,1,1,0,92
192,2,1,0,1,94
193,4,1,0,0,90
193,3,1,1,0,92
193,3,1,0,1,94
194,0,1,0,0,90
194,0,1,1,0,92
194,0,1,0,1,94
195,0,1,0,0,90
195,0,1,1,0,92
195,0,1,0,1,94
196,3,0,0,0,90
196,2,0,1,0,92
196,2,0,0,1,94
197,1,0,0,0,90
197,1,0,1,0,92
197,1,0,0,1,94
198,0,1,0,0,90
198,2,1,1,0,92
198,0,1,0,1,94
199,3,1,0,0,90
199,0,1,1,0,92
199,3,1,0,1,94
200,4,1,0,0,90
200,3,1,1,0,92
200,3,1,0,1,94
201,2,0,0,0,90
201,1,0,1,0,92
201,2,0,0,1,94
202,4,0,0,0,90
202,4,0,1,0,92
202,3,0,0,1,94
203,6,1,0,0,90
203,5,1,1,0,92
203,0,1,0,1,94
204,2,0,0,0,90
204,0,0,1,0,92
204,0,0,0,1,94
205,1,1,0,0,90
205,1,1,1,0,92
205,1,1,0,1,94
206,0,1,0,0,90
206,0,1,1,0,92
206,0,1,0,1,94
207,5,1,0,0,90
207,3,1,1,0,92
207,4,1,0,1,94
208,0,1,0,0,90
208,2,1,1,0,92
208,1,1,0,1,94
209,0,0,0,0,90
209,0,0,1,0,92
209,0,0,0,1,94
210,0,0,0,0,90
210,2,0,1,0,92
210,0,0,0,1,94
211,2,0,0,0,90
211,2,0,1,0,92
211,0,0,0,1,94
212,3,0,0,0,90
212,3,0,1,0,92
212,4,0,0,1,94
213,2,1,0,0,90
213,0,1,1,0,92
213,1,1,0,1,94
214,1,1,0,0,90
214,0,1,1,0,92
214,0,1,0,1,94
215,0,1,0,0,90
215,0,1,1,0,92
215,1,1,0,1,94
216,0,1,0,0,90
216,0,1,1,0,92
216,1,1,0,1,94
217,1,0,0,0,90
217,1,0,1,0,92
217,2,0,0,1,94
218,0,0,0,0,90
218,0,0,1,0,92
218,0,0,0,1,94
219,3,1,0,0,90
219,2,1,1,0,92
219,1,1,0,1,94
220,3,0,0,0,90
220,5,0,1,0,92
220,4,0,0,1,94
221,1,0,0,0,90
221,1,0,1,0,92
221,1,0,0,1,94
222,0,1,0,0,90
222,0,1,1,0,92
222,1,1,0,1,94
223,2,1,0,0,90
223,3,1,1,0,92
223,3,1,0,1,94
224,3,1,0,0,90
224,4,1,1,0,92
224,2,1,0,1,94
225,0,1,0,0,90
225,2,1,1,0,92
225,2,1,0,1,94
226,0,1,0,0,90
226,2,1,1,0,92
226,3,1,0,1,94
227,1,1,0,0,90
227,2,1,1,0,92
227,1,1,0,1,94
228,1,0,0,0,90
228,4,0,1,0,92
228,3,0,0,1,94
229,1,1,0,0,90
229,0,1,1,0,92
229,4,1,0,1,94
230,2,1,0,0,90
230,3,1,1,0,92
230,2,1,0,1,94
231,0,1,0,0,90
231,2,1,1,0,92
231,6,1,0,1,94
232,1,1,0,0,90
232,2,1,1,0,92
232,6,1,0,1,94
233,5,0,0,0,90
233,4,0,1,0,92
233,6,0,0,1,94
234,4,0,0,0,90
234,4,0,1,0,92
234,2,0,0,1,94
235,2,0,0,0,90
235,1,0,1,0,92
235,1,0,0,1,94
236,2,1,0,0,90
236,1,1,1,0,92
236,4,1,0,1,94
237,4,1,0,0,90
237,3,1,1,0,92
237,6,1,0,1,94
238,2,1,0,0,90
238,4,1,1,0,92
238,1,1,0,1,94
239,2,1,0,0,90
239,2,1,1,0,92
239,1,1,0,1,94
240,1,0,0,0,90
240,0,0,1,0,92
240,0,0,0,1,94
241,3,1,0,0,90
241,3,1,1,0,92
241,3,1,0,1,94
242,2,1,0,0,90
242,2,1,1,0,92
242,1,1,0,1,94
243,6,1,0,0,90
243,3,1,1,0,92
243,3,1,0,1,94
244,0,1,0,0,90
244,0,1,1,0,92
244,0,1,0,1,94
245,0,1,0,0,90
245,0,1,1,0,92
245,1,1,0,1,94
246,1,1,0,0,90
246,1,1,1,0,92
246,1,1,0,1,94
247,0,1,0,0,90
247,0,1,1,0,92
247,0,1,0,1,94
248,1,1,0,0,90
248,0,1,1,0,92
248,1,1,0,1,94
249,0,1,0,0,90
249,1,1,1,0,92
249,1,1,0,1,94
250,0,1,0,0,90
250,2,1,1,0,92
250,3,1,0,1,94
251,3,1,0,0,90
251,3,1,1,0,92
251,5,1,0,1,94
252,2,1,0,0,90
252,0,1,1,0,92
252,0,1,0,1,94
253,3,0,0,0,90
253,4,0,1,0,92
253,3,0,0,1,94
254,0,1,0,0,90
254,0,1,1,0,92
254,0,1,0,1,94
255,0,1,0,0,90
255,0,1,1,0,92
255,0,1,0,1,94
256,1,1,0,0,90
256,1,1,1,0,92
256,1,1,0,1,94
257,2,1,0,0,90
257,1,1,1,0,92
257,0,1,0,1,94
258,0,1,0,0,90
258,1,1,1,0,92
258,3,1,0,1,94
259,0,1,0,0,90
259,0,1,1,0,92
259,1,1,0,1,94
260,0,1,0,0,90
260,1,1,1,0,92
260,0,1,0,1,94
261,3,1,0,0,90
261,1,1,1,0,92
261,1,1,0,1,94
262,1,1,0,0,90
262,2,1,1,0,92
262,5,1,0,1,94
263,3,1,0,0,90
263,2,1,1,0,92
263,1,1,0,1,94
264,2,1,0,0,90
264,5,1,1,0,92
264,4,1,0,1,94
265,0,1,0,0,90
265,1,1,1,0,92
265,0,1,0,1,94
266,0,1,0,0,90
266,0,1,1,0,92
266,0,1,0,1,94
267,1,0,0,0,90
267,3,0,1,0,92
267,2,0,0,1,94
268,4,0,0,0,90
268,3,0,1,0,92
268,2,0,0,1,94
269,0,1,0,0,90
269,0,1,1,0,92
269,0,1,0,1,94
270,1,1,0,0,90
270,0,1,1,0,92
270,0,1,0,1,94
271,1,1,0,0,90
271,1,1,1,0,92
271,1,1,0,1,94
272,0,1,0,0,90
272,1,1,1,0,92
272,1,1,0,1,94
273,2,1,0,0,90
273,0,1,1,0,92
273,0,1,0,1,94
274,6,1,0,0,90
274,5,1,1,0,92
274,6,1,0,1,94
275,2,1,0,0,90
275,1,1,1,0,92
275,1,1,0,1,94
276,4,1,0,0,90
276,3,1,1,0,92
276,3,1,0,1,94
277,1,1,0,0,90
277,1,1,1,0,92
277,1,1,0,1,94
278,1,1,0,0,90
278,1,1,1,0,92
278,0,1,0,1,94
279,3,1,0,0,90
279,3,1,1,0,92
279,3,1,0,1,94
280,2,1,0,0,90
280,1,1,1,0,92
280,1,1,0,1,94
281,3,1,0,0,90
281,3,1,1,0,92
281,5,1,0,1,94
282,0,1,0,0,90
282,2,1,1,0,92
282,0,1,0,1,94
283,2,1,0,0,90
283,0,1,1,0,92
283,1,1,0,1,94
284,3,0,0,0,90
284,3,0,1,0,92
284,1,0,0,1,94
285,1,1,0,0,90
285,1,1,1,0,92
285,1,1,0,1,94
286,1,1,0,0,90
286,0,1,1,0,92
286,0,1,0,1,94
287,0,1,0,0,90
287,0,1,1,0,92
287,1,1,0,1,94
288,0,1,0,0,90
288,0,1,1,0,92
288,0,1,0,1,94
289,3,1,0,0,90
289,0,1,1,0,92
289,1,1,0,1,94
290,2,0,0,0,90
290,4,0,1,0,92
290,5,0,0,1,94
291,0,1,0,0,90
291,0,1,1,0,92
291,2,1,0,1,94
292,0,1,0,0,90
292,0,1,1,0,92
292,2,1,0,1,94
293,1,1,0,0,90
293,0,1,1,0,92
293,1,1,0,1,94
294,2,1,0,0,90
294,2,1,1,0,92
294,3,1,0,1,94
295,2,1,0,0,90
295,3,1,1,0,92
295,3,1,0,1,94
296,1,0,0,0,90
296,1,0,1,0,92
296,0,0,0,1,94
297,1,0,0,0,90
297,6,0,1,0,92
297,4,0,0,1,94
298,1,0,0,0,90
298,1,0,1,0,92
298,0,0,0,1,94
299,1,0,0,0,90
299,0,0,1,0,92
299,0,0,0,1,94
300,4,0,0,0,90
300,5,0,1,0,92
300,3,0,0,1,94
301,0,0,0,0,90
301,1,0,1,0,92
301,4,0,0,1,94
302,3,0,0,0,90
302,3,0,1,0,92
302,4,0,0,1,94
303,0,0,0,0,90
303,0,0,1,0,92
303,0,0,0,1,94
304,1,0,0,0,90
304,3,0,1,0,92
304,3,0,0,1,94
305,4,0,0,0,90
305,4,0,1,0,92
305,6,0,0,1,94
306,2,0,0,0,90
306,0,0,1,0,92
306,2,0,0,1,94
307,0,0,0,0,90
307,0,0,1,0,92
307,0,0,0,1,94
308,2,0,0,0,90
308,0,0,1,0,92
308,0,0,0,1,94
309,2,0,0,0,90
309,3,0,1,0,92
309,3,0,0,1,94
310,5,0,0,0,90
310,4,0,1,0,92
310,6,0,0,1,94
311,0,0,0,0,90
311,0,0,1,0,92
311,0,0,0,1,94
312,2,0,0,0,90
312,3,0,1,0,92
312,0,0,0,1,94
313,1,0,0,0,90
313,2,0,1,0,92
313,2,0,0,1,94
314,1,0,0,0,90
314,1,0,1,0,92
314,1,0,0,1,94
315,1,0,0,0,90
315,0,0,1,0,92
315,0,0,0,1,94
316,3,0,0,0,90
316,2,0,1,0,92
316,1,0,0,1,94
317,1,0,0,0,90
317,0,0,1,0,92
317,1,0,0,1,94
318,1,0,0,0,90
318,2,0,1,0,92
318,0,0,0,1,94
319,1,0,0,0,90
319,3,0,1,0,92
319,2,0,0,1,94
320,2,0,0,0,90
320,2,0,1,0,92
320,4,0,0,1,94
321,1,0,0,0,90
321,3,0,1,0,92
321,2,0,0,1,94
322,1,0,0,0,90
322,2,0,1,0,92
322,2,0,0,1,94
323,1,0,0,0,90
323,1,0,1,0,92
323,2,0,0,1,94
324,0,0,0,0,90
324,1,0,1,0,92
324,2,0,0,1,94
325,0,0,0,0,90
325,2,0,1,0,92
325,2,0,0,1,94
326,3,0,0,0,90
326,1,0,1,0,92
326,4,0,0,1,94
327,2,0,0,0,90
327,0,0,1,0,92
327,1,0,0,1,94
328,5,0,0,0,90
328,5,0,1,0,92
328,6,0,0,1,94
329,2,0,0,0,90
329,0,0,1,0,92
329,1,0,0,1,94
330,0,0,0,0,90
330,0,0,1,0,92
330,0,0,0,1,94
331,1,0,0,0,90
331,4,0,1,0,92
331,4,0,0,1,94
332,0,0,0,0,90
332,1,0,1,0,92
332,1,0,0,1,94
333,3,0,0,0,90
333,2,0,1,0,92
333,2,0,0,1,94
334,4,0,0,0,90
334,4,0,1,0,92
334,2,0,0,1,94
335,1,0,0,0,90
335,0,0,1,0,92
335,1,0,0,1,94
336,0,0,0,0,90
336,4,0,1,0,92
336,0,0,0,1,94
337,1,0,0,0,90
337,1,0,1,0,92
337,5,0,0,1,94
338,5,0,0,0,90
338,6,0,1,0,92
338,4,0,0,1,94
339,2,0,0,0,90
339,2,0,1,0,92
339,3,0,0,1,94
340,2,0,0,0,90
340,2,0,1,0,92
340,5,0,0,1,94
341,2,0,0,0,90
341,1,0,1,0,92
341,2,0,0,1,94
342,1,0,0,0,90
342,1,0,1,0,92
342,0,0,0,1,94
343,1,0,0,0,90
343,4,0,1,0,92
343,2,0,0,1,94
344,0,0,0,0,90
344,1,0,1,0,92
344,1,0,0,1,94
345,3,0,0,0,90
345,4,0,1,0,92
345,4,0,0,1,94
346,3,0,0,0,90
346,2,0,1,0,92
346,2,0,0,1,94
347,3,0,0,0,90
347,1,0,1,0,92
347,2,0,0,1,94
348,3,0,0,0,90
348,6,0,1,0,92
348,6,0,0,1,94
349,3,0,0,0,90
349,0,0,1,0,92
349,0,0,0,1,94
350,1,0,0,0,90
350,1,0,1,0,92
350,0,0,0,1,94
351,0,0,0,0,90
351,1,0,1,0,92
351,1,0,0,1,94
352,1,0,0,0,90
352,0,0,1,0,92
352,0,0,0,1,94
353,2,0,0,0,90
353,2,0,1,0,92
353,2,0,0,1,94
354,2,0,0,0,90
354,1,0,1,0,92
354,2,0,0,1,94
355,2,0,0,0,90
355,0,0,1,0,92
355,0,0,0,1,94
356,1,0,0,0,90
356,0,0,1,0,92
356,0,0,0,1,94
357,5,0,0,0,90
357,4,0,1,0,92
357,2,0,0,1,94
358,4,0,0,0,90
358,6,0,1,0,92
358,2,0,0,1,94
359,0,0,0,0,90
359,2,0,1,0,92
359,2,0,0,1,94
360,3,0,0,0,90
360,1,0,1,0,92
360,4,0,0,1,94
361,1,0,0,0,90
361,0,0,1,0,92
361,0,0,0,1,94
362,2,0,0,0,90
362,1,0,1,0,92
362,0,0,0,1,94
363,2,0,0,0,90
363,3,0,1,0,92
363,2,0,0,1,94
364,0,0,0,0,90
364,5,0,1,0,92
364,3,0,0,1,94
365,1,0,0,0,90
365,0,0,1,0,92
365,1,0,0,1,94
366,0,0,0,0,90
366,0,0,1,0,92
366,0,0,0,1,94
367,0,0,0,0,90
367,1,0,1,0,92
367,0,0,0,1,94
368,2,0,0,0,90
368,1,0,1,0,92
368,0,0,0,1,94
369,1,0,0,0,90
369,1,0,1,0,92
369,1,0,0,1,94
370,1,0,0,0,90
370,2,0,1,0,92
370,3,0,0,1,94
371,1,0,0,0,90
371,1,0,1,0,92
371,2,0,0,1,94
372,2,0,0,0,90
372,1,0,1,0,92
372,1,0,0,1,94
373,5,0,0,0,90
373,3,0,1,0,92
373,5,0,0,1,94
374,2,0,0,0,90
374,6,0,1,0,92
374,3,0,0,1,94
375,1,0,0,0,90
375,0,0,1,0,92
375,0,0,0,1,94
376,0,0,0,0,90
376,0,0,1,0,92
376,0,0,0,1,94
377,0,0,0,0,90
377,1,0,1,0,92
377,1,0,0,1,94
378,2,0,0,0,90
378,3,0,1,0,92
378,0,0,0,1,94
379,0,0,0,0,90
379,0,0,1,0,92
379,2,0,0,1,94
380,1,0,0,0,90
380,3,0,1,0,92
380,2,0,0,1,94
381,4,0,0,0,90
381,3,0,1,0,92
381,3,0,0,1,94
382,1,0,0,0,90
382,3,0,1,0,92
382,1,0,0,1,94
383,5,0,0,0,90
383,5,0,1,0,92
383,4,0,0,1,94
384,5,0,0,0,90
384,5,0,1,0,92
384,6,0,0,1,94
385,4,0,0,0,90
385,5,0,1,0,92
385,6,0,0,1,94
386,4,0,0,0,90
386,6,0,1,0,92
386,3,0,0,1,94
387,0,0,0,0,90
387,1,0,1,0,92
387,0,0,0,1,94
388,1,0,0,0,90
388,2,0,1,0,92
388,2,0,0,1,94
389,5,0,0,0,90
389,2,0,1,0,92
389,2,0,0,1,94
390,2,0,0,0,90
390,4,0,1,0,92
390,6,0,0,1,94
391,1,0,0,0,90
391,2,0,1,0,92
391,0,0,0,1,94
392,0,0,0,0,90
392,0,0,1,0,92
392,1,0,0,1,94
393,3,0,0,0,90
393,3,0,1,0,92
393,4,0,0,1,94
394,0,0,0,0,90
394,2,0,1,0,92
394,2,0,0,1,94
395,0,0,0,0,90
395,1,0,1,0,92
395,2,0,0,1,94
396,2,0,0,0,90
396,3,0,1,0,92
396,2,0,0,1,94
397,4,0,0,0,90
397,5,0,1,0,92
397,5,0,0,1,94
398,0,0,0,0,90
398,1,0,1,0,92
398,0,0,0,1,94
399,2,0,0,0,90
399,2,0,1,0,92
399,1,0,0,1,94
400,2,0,0,0,90
400,1,0,1,0,92
400,2,0,0,1,94
401,1,0,0,0,90
401,1,0,1,0,92
401,1,0,0,1,94
402,2,0,0,0,90
402,1,0,1,0,92
402,1,0,0,1,94
403,0,0,0,0,90
403,1,0,1,0,92
403,0,0,0,1,94
404,0,0,0,0,90
404,0,0,1,0,92
404,0,0,0,1,94
405,0,0,0,0,90
405,0,0,1,0,92
405,3,0,0,1,94
406,3,0,0,0,90
406,2,0,1,0,92
406,2,0,0,1,94
407,4,0,0,0,90
407,1,0,1,0,92
407,3,0,0,1,94
408,0,0,0,0,90
408,1,0,1,0,92
408,1,0,0,1,94
409,4,0,0,0,90
409,4,0,1,0,92
409,4,0,0,1,94
410,0,0,0,0,90
410,1,0,1,0,92
410,1,0,0,1,94
411,4,0,0,0,90
411,4,0,1,0,92
411,2,0,0,1,94
412,2,0,0,0,90
412,2,0,1,0,92
412,4,0,0,1,94
413,1,0,0,0,90
413,1,0,1,0,92
413,2,0,0,1,94
414,3,0,0,0,90
414,3,0,1,0,92
414,4,0,0,1,94
415,0,0,0,0,90
415,0,0,1,0,92
415,0,0,0,1,94
416,0,0,0,0,90
416,0,0,1,0,92
416,0,0,0,1,94
417,1,0,0,0,90
417,3,0,1,0,92
417,1,0,0,1,94
418,3,0,0,0,90
418,2,0,1,0,92
418,5,0,0,1,94
419,1,0,0,0,90
419,2,0,1,0,92
419,5,0,0,1,94
420,0,0,0,0,90
420,1,0,1,0,92
420,2,0,0,1,94
421,0,0,0,0,90
421,0,0,1,0,92
421,0,0,0,1,94
422,2,0,0,0,90
422,3,0,1,0,92
422,1,0,0,1,94
423,2,0,0,0,90
423,0,0,1,0,92
423,1,0,0,1,94
424,1,0,0,0,90
424,0,0,1,0,92
424,0,0,0,1,94
425,5,0,0,0,90
425,5,0,1,0,92
425,1,0,0,1,94
426,2,0,0,0,90
426,3,0,1,0,92
426,1,0,0,1,94
427,0,0,0,0,90
427,0,0,1,0,92
427,2,0,0,1,94
428,0,0,0,0,90
428,2,0,1,0,92
428,2,0,0,1,94
429,3,0,0,0,90
429,2,0,1,0,92
429,4,0,0,1,94
430,2,0,0,0,90
430,1,0,1,0,92
430,0,0,0,1,94
431,0,0,0,0,90
431,0,0,1,0,92
431,1,0,0,1,94
432,0,0,0,0,90
432,0,0,1,0,92
432,0,0,0,1,94
433,4,0,0,0,90
433,5,0,1,0,92
433,6,0,0,1,94
434,0,0,0,0,90
434,0,0,1,0,92
434,0,0,0,1,94
435,3,0,0,0,90
435,6,0,1,0,92
435,6,0,0,1,94
436,2,0,0,0,90
436,3,0,1,0,92
436,2,0,0,1,94
437,1,0,0,0,90
437,1,0,1,0,92
437,2,0,0,1,94
438,0,0,0,0,90
438,1,0,1,0,92
438,0,0,0,1,94
439,1,0,0,0,90
439,0,0,1,0,92
439,1,0,0,1,94
440,1,0,0,0,90
440,0,0,1,0,92
440,2,0,0,1,94
441,1,0,0,0,90
441,3,0,1,0,92
441,0,0,0,1,94
442,3,0,0,0,90
442,3,0,1,0,92
442,2,0,0,1,94
443,1,0,0,0,90
443,2,0,1,0,92
443,1,0,0,1,94
444,2,0,0,0,90
444,1,0,1,0,92
444,0,0,0,1,94
445,0,0,0,0,90
445,0,0,1,0,92
445,0,0,0,1,94
446,0,0,0,0,90
446,0,0,1,0,92
446,0,0,0,1,94
447,0,0,0,0,90
447,0,0,1,0,92
447,0,0,0,1,94
448,0,0,0,0,90
448,0,0,1,0,92
448,0,0,0,1,94
449,1,0,0,0,90
449,2,0,1,0,92
449,2,0,0,1,94
450,3,0,0,0,90
450,2,0,1,0,92
450,3,0,0,1,94
451,3,0,0,0,90
451,3,0,1,0,92
451,4,0,0,1,94
452,3,0,0,0,90
452,1,0,1,0,92
452,2,0,0,1,94
453,4,0,0,0,90
453,0,0,1,0,92
453,1,0,0,1,94
454,1,0,0,0,90
454,0,0,1,0,92
454,0,0,0,1,94
455,1,0,0,0,90
455,1,0,1,0,92
455,0,0,0,1,94
456,3,0,0,0,90
456,3,0,1,0,92
456,2,0,0,1,94
457,1,0,0,0,90
457,1,0,1,0,92
457,4,0,0,1,94
458,0,0,0,0,90
458,0,0,1,0,92
458,2,0,0,1,94
459,2,0,0,0,90
459,1,0,1,0,92
459,1,0,0,1,94
460,0,0,0,0,90
460,0,0,1,0,92
460,0,0,0,1,94
461,4,0,0,0,90
461,6,0,1,0,92
461,4,0,0,1,94
462,2,0,0,0,90
462,0,0,1,0,92
462,0,0,0,1,94
463,4,0,0,0,90
463,4,0,1,0,92
463,5,0,0,1,94
464,2,0,0,0,90
464,2,0,1,0,92
464,2,0,0,1,94
465,3,0,0,0,90
465,1,0,1,0,92
465,3,0,0,1,94
466,1,0,0,0,90
466,0,0,1,0,92
466,2,0,0,1,94
467,1,0,0,0,90
467,0,0,1,0,92
467,1,0,0,1,94
468,3,0,0,0,90
468,2,0,1,0,92
468,2,0,0,1,94
469,0,0,0,0,90
469,2,0,1,0,92
469,2,0,0,1,94
470,1,0,0,0,90
470,0,0,1,0,92
470,0,0,0,1,94
471,2,0,0,0,90
471,1,0,1,0,92
471,2,0,0,1,94
472,1,0,0,0,90
472,0,0,1,0,92
472,2,0,0,1,94
473,0,0,0,0,90
473,0,0,1,0,92
473,0,0,0,1,94
474,0,0,0,0,90
474,1,0,1,0,92
474,0,0,0,1,94
475,0,0,0,0,90
475,1,0,1,0,92
475,1,0,0,1,94
476,0,0,0,0,90
476,0,0,1,0,92
476,0,0,0,1,94
477,2,0,0,0,90
477,4,0,1,0,92
477,0,0,0,1,94
478,2,0,0,0,90
478,0,0,1,0,92
478,0,0,0,1,94
479,2,0,0,0,90
479,2,0,1,0,92
479,2,0,0,1,94
480,2,0,0,0,90
480,2,0,1,0,92
480,2,0,0,1,94
481,0,0,0,0,90
481,1,0,1,0,92
481,1,0,0,1,94
482,0,0,0,0,90
482,1,0,1,0,92
482,5,0,0,1,94
483,0,0,0,0,90
483,0,0,1,0,92
483,0,0,0,1,94
484,2,0,0,0,90
484,4,0,1,0,92
484,3,0,0,1,94
485,2,0,0,0,90
485,1,0,1,0,92
485,2,0,0,1,94
486,0,0,0,0,90
486,0,0,1,0,92
486,0,0,0,1,94
487,3,0,0,0,90
487,2,0,1,0,92
487,3,0,0,1,94
488,2,0,0,0,90
488,3,0,1,0,92
488,3,0,0,1,94
489,6,0,0,0,90
489,6,0,1,0,92
489,3,0,0,1,94
490,0,0,0,0,90
490,0,0,1,0,92
490,0,0,0,1,94
491,1,0,0,0,90
491,0,0,1,0,92
491,2,0,0,1,94
492,4,0,0,0,90
492,4,0,1,0,92
492,1,0,0,1,94
493,1,0,0,0,90
493,2,0,1,0,92
493,2,0,0,1,94
494,2,0,0,0,90
494,2,0,1,0,92
494,2,0,0,1,94
495,0,0,0,0,90
495,0,0,1,0,92
495,0,0,0,1,94
496,0,0,0,0,90
496,0,0,1,0,92
496,0,0,0,1,94
497,1,0,0,0,90
497,1,0,1,0,92
497,1,0,0,1,94
498,1,0,0,0,90
498,2,0,1,0,92
498,1,0,0,1,94
499,1,0,0,0,90
499,0,0,1,0,92
499,1,0,0,1,94
500,3,0,0,0,90
500,2,0,1,0,92
500,3,0,0,1,94
501,1,0,0,0,90
501,0,0,1,0,92
501,1,0,0,1,94
502,0,0,0,0,90
502,2,0,1,0,92
502,0,0,0,1,94
503,0,0,0,0,90
503,0,0,1,0,92
503,0,0,0,1,94
504,0,0,0,0,90
504,0,0,1,0,92
504,1,0,0,1,94
505,2,0,0,0,90
505,2,0,1,0,92
505,1,0,0,1,94
506,4,0,0,0,90
506,1,0,1,0,92
506,2,0,0,1,94
507,0,0,0,0,90
507,1,0,1,0,92
507,0,0,0,1,94
508,1,0,0,0,90
508,1,0,1,0,92
508,0,0,0,1,94
509,1,0,0,0,90
509,4,0,1,0,92
509,4,0,0,1,94
510,1,0,0,0,90
510,1,0,1,0,92
510,0,0,0,1,94
511,1,0,0,0,90
511,1,0,1,0,92
511,2,0,0,1,94
512,0,0,0,0,90
512,2,0,1,0,92
512,3,0,0,1,94
513,0,0,0,0,90
513,0,0,1,0,92
513,0,0,0,1,94
514,0,0,0,0,90
514,0,0,1,0,92
514,0,0,0,1,94
515,3,0,0,0,90
515,4,0,1,0,92
515,3,0,0,1,94
516,6,0,0,0,90
516,5,0,1,0,92
516,5,0,0,1,94
517,2,0,0,0,90
517,1,0,1,0,92
517,4,0,0,1,94
518,3,0,0,0,90
518,2,0,1,0,92
518,0,0,0,1,94
519,0,0,0,0,90
519,0,0,1,0,92
519,3,0,0,1,94
520,1,0,0,0,90
520,2,0,1,0,92
520,1,0,0,1,94
521,2,0,0,0,90
521,4,0,1,0,92
521,4,0,0,1,94
522,1,0,0,0,90
522,0,0,1,0,92
522,1,0,0,1,94
523,2,0,0,0,90
523,1,0,1,0,92
523,1,0,0,1,94
524,1,0,0,0,90
524,0,0,1,0,92
524,1,0,0,1,94
525,4,0,0,0,90
525,2,0,1,0,92
525,2,0,0,1,94
526,3,0,0,0,90
526,3,0,1,0,92
526,3,0,0,1,94
527,1,0,0,0,90
527,0,0,1,0,92
527,2,0,0,1,94
528,3,0,0,0,90
528,0,0,1,0,92
528,3,0,0,1,94
529,1,0,0,0,90
529,2,0,1,0,92
529,2,0,0,1,94
530,1,0,0,0,90
530,3,0,1,0,92
530,4,0,0,1,94
531,0,0,0,0,90
531,2,0,1,0,92
531,1,0,0,1,94
532,1,0,0,0,90
532,1,0,1,0,92
532,0,0,0,1,94
533,1,0,0,0,90
533,2,0,1,0,92
533,0,0,0,1,94
534,2,0,0,0,90
534,2,0,1,0,92
534,4,0,0,1,94
535,2,0,0,0,90
535,1,0,1,0,92
535,2,0,0,1,94
536,3,0,0,0,90
536,2,0,1,0,92
536,1,0,0,1,94
537,1,0,0,0,90
537,1,0,1,0,92
537,1,0,0,1,94
538,0,0,0,0,90
538,0,0,1,0,92
538,0,0,0,1,94
539,1,0,0,0,90
539,2,0,1,0,92
539,0,0,0,1,94
540,2,0,0,0,90
540,2,0,1,0,92
540,0,0,0,1,94
541,0,0,0,0,90
541,0,0,1,0,92
541,0,0,0,1,94
542,1,0,0,0,90
542,3,0,1,0,92
542,1,0,0,1,94
543,1,0,0,0,90
543,0,0,1,0,92
543,0,0,0,1,94
544,1,0,0,0,90
544,0,0,1,0,92
544,0,0,0,1,94
545,3,0,0,0,90
545,0,0,1,0,92
545,0,0,0,1,94
546,0,0,0,0,90
546,0,0,1,0,92
546,0,0,0,1,94
547,0,0,0,0,90
547,1,0,1,0,92
547,4,0,0,1,94
548,0,0,0,0,90
548,1,0,1,0,92
548,2,0,0,1,94
549,1,0,0,0,90
549,3,0,1,0,92
549,1,0,0,1,94
550,0,0,0,0,90
550,1,0,1,0,92
550,4,0,0,1,94
551,0,1,0,0,90
551,1,1,1,0,92
551,3,1,0,1,94
552,1,0,0,0,90
552,2,0,1,0,92
552,1,0,0,1,94
553,0,1,0,0,90
553,1,1,1,0,92
553,1,1,0,1,94
554,4,0,0,0,90
554,0,0,1,0,92
554,5,0,0,1,94
555,1,0,0,0,90
555,2,0,1,0,92
555,2,0,0,1,94
556,4,1,0,0,90
556,2,1,1,0,92
556,5,1,0,1,94
557,1,1,0,0,90
557,2,1,1,0,92
557,3,1,0,1,94
558,2,1,0,0,90
558,3,1,1,0,92
558,1,1,0,1,94
559,4,1,0,0,90
559,3,1,1,0,92
559,1,1,0,1,94
560,2,1,0,0,90
560,2,1,1,0,92
560,1,1,0,1,94
561,0,1,0,0,90
561,0,1,1,0,92
561,3,1,0,1,94
562,4,1,0,0,90
562,4,1,1,0,92
562,4,1,0,1,94
563,2,1,0,0,90
563,2,1,1,0,92
563,2,1,0,1,94
564,2,0,0,0,90
564,1,0,1,0,92
564,3,0,0,1,94
565,3,0,0,0,90
565,1,0,1,0,92
565,2,0,0,1,94
566,1,0,0,0,90
566,0,0,1,0,92
566,1,0,0,1,94
567,1,1,0,0,90
567,1,1,1,0,92
567,3,1,0,1,94
568,0,1,0,0,90
568,0,1,1,0,92
568,0,1,0,1,94
569,3,0,0,0,90
569,5,0,1,0,92
569,3,0,0,1,94
570,3,0,0,0,90
570,2,0,1,0,92
570,1,0,0,1,94
571,0,1,0,0,90
571,0,1,1,0,92
571,1,1,0,1,94
572,1,1,0,0,90
572,1,1,1,0,92
572,0,1,0,1,94
573,2,0,0,0,90
573,3,0,1,0,92
573,1,0,0,1,94
574,2,0,0,0,90
574,3,0,1,0,92
574,1,0,0,1,94
575,4,0,0,0,90
575,3,0,1,0,92
575,2,0,0,1,94
576,1,0,0,0,90
576,4,0,1,0,92
576,0,0,0,1,94
577,3,0,0,0,90
577,0,0,1,0,92
577,0,0,0,1,94
578,0,0,0,0,90
578,0,0,1,0,92
578,0,0,0,1,94
579,2,0,0,0,90
579,0,0,1,0,92
579,1,0,0,1,94
580,2,0,0,0,90
580,1,0,1,0,92
580,1,0,0,1,94
581,1,0,0,0,90
581,0,0,1,0,92
581,0,0,0,1,94
